notebook,notebook_sri_score,int_op,int_op_reproduced,int_op_sri,float_op,float_op_reproduced,float_op_sri,list_op,list_op_reproduced,list_op_sri,tuple_op,tuple_op_reproduced,tuple_op_sri,set_op,set_op_reproduced,set_op_sri,str_op,str_op_reproduced,str_op_sri,dict_op,dict_op_reproduced,dict_op_sri,array_op,array_op_reproduced,array_op_sri,dataframe_op,dataframe_op_reproduced,dataframe_op_sri,other_op,other_op_reproduced,other_op_sri,image_op,image_op_reproduced,stream_op,stream_op_reproduced
f40b1012ac53f001adc118bbf9dd4d656c9a5d83.ipynb,0.99968704,0,0,0,0,0,0,0,0,0,0,0,0,0,0,0,0,0,0,0,0,0,0,0,0,0,0,0,0,0,0,0,0,28,27
bd2e5bfd512e757eeb8c3ad0f375d2949efef8e5.ipynb,0,0,0,0,0,0,0,0,0,0,0,0,0,0,0,0,0,0,0,0,0,0,4,0,0,0,0,0,0,0,0,0,0,0,0
fcce93e9e3c37043188e02cbb01d26c28a76206f.ipynb,0.889532434,0,0,0,0,0,0,1,0,1,0,0,0,0,0,0,1,1,0,0,0,0,33,28,0,0,0,0,0,0,0,0,0,11,11
e90e4de2a9244a26e96cdbb1163950a90d2a5827.ipynb,0.708271605,0,0,0,0,0,0,0,0,0,0,0,0,0,0,0,0,0,0,0,0,0,0,0,0,0,0,0,0,0,0,0,0,1,0
01b90cdc06c9c946a090bdc853ca0d1696c9f343.ipynb,0.92522025,0,0,0,0,0,0,0,0,0,0,0,0,0,0,0,0,0,0,0,0,0,2,2,0,0,0,0,1,1,0,3,0,12,6
92904b20b2cdb3d32c425f061cfbd20b4a1a1b7a.ipynb,0.868723258,0,0,0,0,0,0,0,0,0,0,0,0,0,0,0,0,0,0,0,0,0,1,1,0,0,0,0,0,0,0,14,0,0,0
01e204add040dce6cb379b369e5e59ec6c70d16d.ipynb,0.666650176,3,0,0,0,0,0,0,0,0,0,0,0,0,0,0,0,0,0,0,0,0,0,0,0,0,0,0,0,0,0,0,0,2,0
0712c181b450f0d644d14b4b03af1bc44918baf9.ipynb,1,0,0,0,0,0,0,1,1,0,1,1,0,0,0,0,0,0,0,0,0,0,0,0,0,0,0,0,0,0,0,0,0,4,4
d0d4fdbe0068dd440f6a8fa42fe91529155e8114.ipynb,1,0,0,0,0,0,0,0,0,0,0,0,0,0,0,0,0,0,0,0,0,0,0,0,0,0,0,0,0,0,0,0,0,1,1
aa3b1284d2b233b4e5114f327a2cae7a92866c89.ipynb,0.887668821,0,0,0,0,0,0,0,0,0,0,0,0,0,0,0,0,0,0,0,0,0,0,0,0,0,0,0,0,0,0,1,0,0,0
4de65f44bbb302fcb71371021aa2761a744e86d2.ipynb,0.974088809,0,0,0,13,13,0,0,0,0,0,0,0,0,0,0,0,0,0,0,0,0,2,2,0,6,6,0,3,3,0,10,0,1,1
db0b3c99febe9da4345edd5461e2272cb48f348c.ipynb,0.732828785,0,0,0,0,0,0,0,0,0,0,0,0,0,0,0,0,0,0,0,0,0,0,0,0,0,0,0,0,0,0,2,0,11,8
f9a8cb45764228468ea192e6c284e00d641ca235.ipynb,0.654602884,0,0,0,1,0,0,1,1,0,2,2,0,0,0,0,0,0,0,1,0,1,5,2,0,5,1,4,2,1,1,2,0,5,3
e75628da27560009fd5b61d73071f962f1061f21.ipynb,0.69366191,0,0,0,0,0,0,0,0,0,0,0,0,0,0,0,0,0,0,0,0,0,0,0,0,0,0,0,0,0,0,13,0,0,0
74e4877d0667ef7c64404194f4b145a79b451f52.ipynb,1,0,0,0,0,0,0,0,0,0,0,0,0,0,0,0,0,0,0,0,0,0,0,0,0,0,0,0,0,0,0,0,0,8,8
695d6aa09da3de6258ba83cc020d3cf38b018fd3.ipynb,0.824832866,0,0,0,0,0,0,0,0,0,0,0,0,0,0,0,2,2,0,0,0,0,0,0,0,0,0,0,0,0,0,0,0,2,0
0a2a14d5713813d5e27d16c7c5048f7062c5c4a4.ipynb,1,2,2,0,0,0,0,2,2,0,0,0,0,0,0,0,0,0,0,0,0,0,0,0,0,0,0,0,0,0,0,0,0,2,2
1715382ad7ca5ef4e594140dd801352b2ed1a99f.ipynb,0.788578632,0,0,0,0,0,0,0,0,0,0,0,0,0,0,0,0,0,0,0,0,0,0,0,0,0,0,0,0,0,0,1,0,0,0
2095bf1ba920248f18a88de38253b3581c64a562.ipynb,1,0,0,0,0,0,0,0,0,0,0,0,0,0,0,0,0,0,0,0,0,0,0,0,0,0,0,0,0,0,0,0,0,12,12
138dc0391672490ef198794a474a0c3031626c88.ipynb,0.955995222,0,0,0,0,0,0,0,0,0,0,0,0,0,0,0,0,0,0,0,0,0,0,0,0,3,3,0,1,1,0,0,0,1,0
459a8dfd34b06e4550d3786745033fe601277cd1.ipynb,0.796459692,0,0,0,2,1,0,0,0,0,0,0,0,0,0,0,0,0,0,0,0,0,1,0,0,5,3,2,5,4,1,4,0,7,1
1fd90e2e3df246d4de1e5f891efd69cfa67e4f00.ipynb,1,0,0,0,0,0,0,0,0,0,0,0,0,0,0,0,0,0,0,0,0,0,0,0,0,0,0,0,0,0,0,0,0,8,8
7fa96e4c4cc282186dc93e1acf48f2654464de16.ipynb,1,0,0,0,0,0,0,0,0,0,0,0,0,0,0,0,0,0,0,0,0,0,0,0,0,0,0,0,0,0,0,0,0,1,1
f189f19309ac2ba0b147e1bddcf5939cf9c00913.ipynb,0.807441099,0,0,0,0,0,0,0,0,0,0,0,0,0,0,0,0,0,0,0,0,0,2,1,0,0,0,0,5,3,2,4,0,0,0
22c5b705aef8e46b8b54480df2fc803069212228.ipynb,1,1,1,0,0,0,0,0,0,0,0,0,0,0,0,0,0,0,0,0,0,0,0,0,0,0,0,0,0,0,0,0,0,3,3
25ceecc2316beb4906d9d683064b26baf3e44b64.ipynb,0.899409538,0,0,0,0,0,0,0,0,0,0,0,0,0,0,0,0,0,0,0,0,0,0,0,0,2,2,0,0,0,0,4,0,0,0
3f50766e293b15d0d219bb03e253a1515541c8f5.ipynb,0.99504973,0,0,0,0,0,0,1,0,1,0,0,0,0,0,0,0,0,0,0,0,0,0,0,0,0,0,0,0,0,0,0,0,103,96
836363ce02dd2f9fd8825db673c57242b6fa6b80.ipynb,1,0,0,0,0,0,0,1,1,0,0,0,0,0,0,0,1,1,0,0,0,0,0,0,0,0,0,0,0,0,0,0,0,0,0
886fa1b06614815ff8ccc51031366b880d45e943.ipynb,0.89218076,0,0,0,0,0,0,0,0,0,0,0,0,0,0,0,0,0,0,1,0,1,0,0,0,0,0,0,0,0,0,0,0,8,1
3583f9b947e5a2415d38242c3c335bbac546187d.ipynb,1,0,0,0,0,0,0,0,0,0,0,0,0,0,0,0,0,0,0,0,0,0,0,0,0,0,0,0,0,0,0,0,0,1,1
91c0970d1bf8873d0429b0b72fde0331fd2039a5.ipynb,0.988992445,3,3,0,0,0,0,0,0,0,0,0,0,0,0,0,0,0,0,0,0,0,10,9,1,0,0,0,0,0,0,0,0,0,0
eeba2fc1fafeb86cdcde543fa9056344653f0e44.ipynb,0.973210357,0,0,0,0,0,0,0,0,0,1,1,0,0,0,0,0,0,0,0,0,0,0,0,0,0,0,0,0,0,0,0,0,2,1
ff3c8e1663566e564bb27108247ef18511d5335c.ipynb,0.9875,0,0,0,0,0,0,0,0,0,0,0,0,0,0,0,0,0,0,0,0,0,0,0,0,0,0,0,0,0,0,0,0,2,1
158aaab3e9c2e0ce52534c26b862181736992aa7.ipynb,0.996969697,0,0,0,0,0,0,0,0,0,0,0,0,0,0,0,1,1,0,0,0,0,0,0,0,0,0,0,0,0,0,0,0,8,6
a398cb1afe700fd6d50e7caac5f33922456b7f3e.ipynb,0.991543716,1,1,0,0,0,0,0,0,0,0,0,0,0,0,0,0,0,0,1,1,0,0,0,0,0,0,0,0,0,0,0,0,8,6
d8f4b5c17cfadcdaf603578d28652bc51c640582.ipynb,1,0,0,0,0,0,0,0,0,0,0,0,0,0,0,0,0,0,0,0,0,0,0,0,0,0,0,0,0,0,0,0,0,0,0
90dfe0e60e61db810214eb5ae74c8e28a7b7c0e8.ipynb,1,0,0,0,0,0,0,0,0,0,0,0,0,0,0,0,0,0,0,0,0,0,0,0,0,0,0,0,0,0,0,0,0,1,1
fbad50130e492555a4d2c7b2fb24b0b608c3725a.ipynb,0.593260484,0,0,0,0,0,0,0,0,0,0,0,0,0,0,0,0,0,0,0,0,0,0,0,0,0,0,0,0,0,0,0,0,1,0
aaae9de8625920775a2e01da928777da9718e38a.ipynb,1,0,0,0,0,0,0,0,0,0,0,0,0,0,0,0,0,0,0,0,0,0,0,0,0,0,0,0,0,0,0,0,0,6,6
a1bb0d0dc8a44473fb8e9a3d78c8f79a3bf95a0d.ipynb,0.665158128,0,0,0,0,0,0,0,0,0,0,0,0,0,0,0,0,0,0,0,0,0,0,0,0,0,0,0,0,0,0,0,0,2,0
3d1c159205682dd07f59d286f99fde31b092428e.ipynb,0.970134028,3,3,0,0,0,0,0,0,0,2,2,0,0,0,0,2,2,0,0,0,0,2,1,0,0,0,0,0,0,0,0,0,21,19
f5b1b0f2d201bde06e7993ae60c2879b247c8bd5.ipynb,0.732390277,0,0,0,0,0,0,0,0,0,0,0,0,0,0,0,0,0,0,0,0,0,0,0,0,0,0,0,0,0,0,3,0,0,0
10cfaf3859a6e18940b7907b5c329f81c499c6f8.ipynb,0.487817402,0,0,0,0,0,0,2,1,1,0,0,0,0,0,0,0,0,0,0,0,0,0,0,0,9,0,8,10,6,1,1,0,0,0
c1af618b98abf0e6dbfd9df4fd56613d7ffdbd66.ipynb,1,0,0,0,0,0,0,0,0,0,0,0,0,0,0,0,0,0,0,0,0,0,1,1,0,0,0,0,0,0,0,0,0,10,10
7f2fc46184d62ad2ca2758096109192ef0f094c8.ipynb,1,3,3,0,0,0,0,0,0,0,0,0,0,0,0,0,0,0,0,0,0,0,0,0,0,0,0,0,0,0,0,0,0,0,0
695943f3768cd266a7859b7bf22df3096d4728d1.ipynb,0.978107189,0,0,0,0,0,0,0,0,0,0,0,0,0,0,0,0,0,0,0,0,0,0,0,0,0,0,0,0,0,0,0,0,5,4
a0eeb0c99892980d056b2d6076cc52aca0583001.ipynb,0.950092157,0,0,0,4,4,0,1,1,0,0,0,0,0,0,0,0,0,0,0,0,0,10,9,0,0,0,0,2,2,0,1,0,2,1
452f093af474f37a7313de9856f80361e947158b.ipynb,1,0,0,0,0,0,0,0,0,0,0,0,0,0,0,0,0,0,0,0,0,0,1,1,0,1,1,0,0,0,0,0,0,0,0
1f484ab5f7690a7fc05d1aeb41da6fc5963bba8d.ipynb,1,4,4,0,0,0,0,0,0,0,0,0,0,0,0,0,7,7,0,0,0,0,0,0,0,0,0,0,0,0,0,0,0,8,8
6845c9e19f189d7d0e8f2e8948b6f1ba296a20b6.ipynb,0.666666667,2,2,0,0,0,0,0,0,0,0,0,0,0,0,0,0,0,0,1,0,0,0,0,0,0,0,0,0,0,0,0,0,0,0
c50355da7fae1391b8f2284b48eca52616f0e60c.ipynb,0.867626556,8,6,0,0,0,0,0,0,0,0,0,0,0,0,0,3,3,0,0,0,0,0,0,0,0,0,0,0,0,0,0,0,11,5
ee7317bf8e5f0d0f8ef1c042d7f9b047401dc03e.ipynb,0,0,0,0,0,0,0,0,0,0,0,0,0,0,0,0,0,0,0,0,0,0,0,0,0,0,0,0,0,0,0,0,0,0,0
4cb940a2c28538c3dc142c30e995184d9308b297.ipynb,0.766325579,0,0,0,0,0,0,0,0,0,0,0,0,0,0,0,0,0,0,0,0,0,0,0,0,0,0,0,0,0,0,7,0,2,2
7bf0e93901ef428a7c937504bc1e1ea076e6ddec.ipynb,0.992287234,1,1,0,0,0,0,3,3,0,0,0,0,0,0,0,0,0,0,0,0,0,0,0,0,0,0,0,1,1,0,0,0,39,38
1070d3b84ffd7b285ad02efc409e41d84b933aa7.ipynb,1,1,1,0,0,0,0,0,0,0,0,0,0,0,0,0,2,2,0,0,0,0,0,0,0,0,0,0,0,0,0,0,0,0,0
0d56cdeea2a4144794566a14eca1792cdf3ef383.ipynb,0.666508738,0,0,0,0,0,0,0,0,0,0,0,0,0,0,0,0,0,0,0,0,0,0,0,0,0,0,0,0,0,0,1,0,0,0
9a3a90c2f8b223225b303350f317ea3ca92b1658.ipynb,1,0,0,0,0,0,0,0,0,0,0,0,0,0,0,0,0,0,0,0,0,0,0,0,0,0,0,0,0,0,0,0,0,5,5
7bd18a788c6b33d3e800f7caaa35b61532f41d7d.ipynb,0.877953439,0,0,0,0,0,0,4,4,0,0,0,0,0,0,0,0,0,0,0,0,0,0,0,0,0,0,0,0,0,0,0,0,3,0
08477c7fc311917ed3a48a7adb7c423639396599.ipynb,1,0,0,0,0,0,0,0,0,0,0,0,0,0,0,0,0,0,0,0,0,0,0,0,0,0,0,0,0,0,0,0,0,1,1
ea454058133195253b3ccb2a17756b2c437bf0a8.ipynb,0.883103614,7,3,0,0,0,0,0,0,0,1,1,0,0,0,0,0,0,0,0,0,0,0,0,0,0,0,0,0,0,0,0,0,0,0
1cc4a28af55171b6fe8a82dc3866ef65c1ae1e69.ipynb,1,0,0,0,0,0,0,0,0,0,0,0,0,0,0,0,0,0,0,0,0,0,0,0,0,0,0,0,0,0,0,0,0,2,2
07dd3f0f75b92687bdcaf95e83d4f73966daf113.ipynb,0.888888889,0,0,0,0,0,0,0,0,0,0,0,0,0,0,0,0,0,0,0,0,0,0,0,0,3,2,1,0,0,0,0,0,0,0
6c579b603e257e22e30a5ddba0e562023a5d2dc7.ipynb,0.9,0,0,0,1,1,0,0,0,0,0,0,0,0,0,0,0,0,0,0,0,0,17,15,0,0,0,0,0,0,0,0,0,0,0
e31c9cc71a35cd4accd102228497f0372e73a5ac.ipynb,0.955163769,0,0,0,0,0,0,0,0,0,1,1,0,0,0,0,0,0,0,0,0,0,1,1,0,2,2,0,0,0,0,4,0,9,7
5f35915c86cbc581a43401390455633e14ed4e2c.ipynb,0.746351369,0,0,0,0,0,0,0,0,0,0,0,0,0,0,0,0,0,0,0,0,0,0,0,0,0,0,0,0,0,0,0,0,1,0
f67959314475a836f05a4a90ec2931fb3002bad3.ipynb,1,0,0,0,0,0,0,0,0,0,0,0,0,0,0,0,0,0,0,0,0,0,0,0,0,0,0,0,0,0,0,0,0,7,7
741de2e343445ba35eca3427aeef53bdb4522f3f.ipynb,1,6,6,0,0,0,0,6,6,0,0,0,0,0,0,0,0,0,0,0,0,0,0,0,0,0,0,0,0,0,0,0,0,0,0
b8e7141aef231cffdb8741986123a2dc223f17f9.ipynb,0.436614698,0,0,0,0,0,0,0,0,0,0,0,0,0,0,0,0,0,0,0,0,0,2,0,0,0,0,0,0,0,0,4,0,4,1
1a08903bdec66c1437fa63d79fdda22d632a8872.ipynb,1,0,0,0,0,0,0,0,0,0,0,0,0,0,0,0,0,0,0,0,0,0,0,0,0,0,0,0,0,0,0,0,0,1,1
c0a1189c82c616ecfea0645f6fb17390fb2cdd5a.ipynb,0.969135802,0,0,0,1,1,0,0,0,0,0,0,0,0,0,0,0,0,0,0,0,0,0,0,0,20,19,1,5,5,0,0,0,0,0
19495794b2dded58cda0f28377c994f5d5a89157.ipynb,0.999215686,0,0,0,0,0,0,0,0,0,0,0,0,0,0,0,0,0,0,0,0,0,1,1,0,0,0,0,0,0,0,0,0,2,1
575e671b644db99c16612953d84f79d1d303dd9b.ipynb,1,0,0,0,0,0,0,1,1,0,0,0,0,0,0,0,0,0,0,1,1,0,3,3,0,0,0,0,0,0,0,0,0,7,7
54de72794cc5a730d2b1e60c64bb72a319609377.ipynb,1,0,0,0,0,0,0,0,0,0,0,0,0,0,0,0,0,0,0,0,0,0,0,0,0,0,0,0,0,0,0,0,0,1,1
9c767cff2a2b14feffc928f6055a2950647665d8.ipynb,1,0,0,0,0,0,0,0,0,0,0,0,0,0,0,0,0,0,0,0,0,0,3,3,0,0,0,0,0,0,0,0,0,0,0
e19173c8dac344a691cab6e5cee49b13c9663814.ipynb,0.896511856,0,0,0,0,0,0,0,0,0,0,0,0,0,0,0,0,0,0,0,0,0,0,0,0,0,0,0,0,0,0,1,0,0,0
bcf9cec6c1f4307b29ffcbc69c73774ee227ccc9.ipynb,1,0,0,0,0,0,0,0,0,0,0,0,0,0,0,0,0,0,0,0,0,0,0,0,0,0,0,0,0,0,0,0,0,47,47
51a5b58b02adb680aa92f82bc9c5be4e713ff499.ipynb,0.811468486,0,0,0,0,0,0,0,0,0,0,0,0,0,0,0,0,0,0,0,0,0,0,0,0,0,0,0,0,0,0,5,0,0,0
4f086c4f9b6de1bdfdcea21e8b9ace03123b06c8.ipynb,0.664170484,0,0,0,0,0,0,0,0,0,0,0,0,0,0,0,2,0,1,0,0,0,0,0,0,0,0,0,0,0,0,0,0,1,1
6aa8f4d18efb523d946950b32f1e8d792913ac5e.ipynb,0.958519931,0,0,0,0,0,0,1,1,0,1,1,0,0,0,0,1,1,0,1,1,0,0,0,0,0,0,0,0,0,0,4,0,6,6
71823b15723f14e2465c1dfc8dfc1cd190f57c10.ipynb,1,0,0,0,0,0,0,0,0,0,0,0,0,0,0,0,0,0,0,0,0,0,0,0,0,1,1,0,0,0,0,0,0,0,0
11a0a79c730bfc887ce556cf51e88a2abefcf7dc.ipynb,0.828353282,0,0,0,0,0,0,0,0,0,0,0,0,0,0,0,0,0,0,0,0,0,0,0,0,0,0,0,0,0,0,2,0,2,1
c3a1b46d50a7903015594363dc645b7aa42906b1.ipynb,1,0,0,0,0,0,0,0,0,0,0,0,0,0,0,0,0,0,0,0,0,0,0,0,0,0,0,0,0,0,0,0,0,3,3
7ef09d9ea585e603711af53536a4f5cfc7e25fb3.ipynb,0.813994921,1,1,0,5,5,0,4,4,0,0,0,0,0,0,0,1,1,0,0,0,0,0,0,0,0,0,0,0,0,0,10,0,3,2
882ad292aeb777276467f6019456d36ac0bb3986.ipynb,1,0,0,0,0,0,0,0,0,0,0,0,0,0,0,0,0,0,0,0,0,0,1,1,0,0,0,0,0,0,0,0,0,10,10
dca5316eeb8c1b4c282a06c1ad2700c98ce03946.ipynb,1,0,0,0,0,0,0,0,0,0,0,0,0,0,0,0,0,0,0,0,0,0,0,0,0,0,0,0,0,0,0,0,0,1,1
d50e02d82e30da84ae045463c85416e62d787a88.ipynb,0.831610754,0,0,0,0,0,0,0,0,0,0,0,0,0,0,0,0,0,0,0,0,0,0,0,0,0,0,0,0,0,0,1,0,1,0
cb36593956e793897828b9a9ffd2dbbe839bb1c5.ipynb,1,0,0,0,0,0,0,0,0,0,0,0,0,0,0,0,0,0,0,0,0,0,0,0,0,0,0,0,0,0,0,0,0,12,12
3aa2cad7dc0e29ea88bed7d19881a2f9b2ec6da8.ipynb,0.938461538,1,1,0,0,0,0,0,0,0,0,0,0,0,0,0,0,0,0,0,0,0,0,0,0,6,6,0,2,0,2,0,0,2,2
0ea5143e7ab0f6eb7d04771238b39edaaa554964.ipynb,0.912401527,0,0,0,0,0,0,0,0,0,0,0,0,0,0,0,0,0,0,0,0,0,0,0,0,0,0,0,0,0,0,11,0,0,0
594b885e0cef7d2ee32f30e5faf36f065d3439aa.ipynb,1,0,0,0,0,0,0,0,0,0,0,0,0,0,0,0,0,0,0,0,0,0,0,0,0,0,0,0,0,0,0,0,0,3,3
be5b1d7c6f807a56475cdf5a66ef34f6bcfee5a9.ipynb,0.910165353,0,0,0,0,0,0,0,0,0,0,0,0,0,0,0,0,0,0,0,0,0,0,0,0,0,0,0,0,0,0,4,0,2,2
0fa6aac4250a2de610d385ba328d1b92205746e3.ipynb,1,0,0,0,0,0,0,0,0,0,0,0,0,0,0,0,0,0,0,0,0,0,0,0,0,0,0,0,0,0,0,0,0,2,2
e781d9153cb587317bfec3e9bcf16f48347fca8d.ipynb,0.457656313,0,0,0,0,0,0,0,0,0,0,0,0,0,0,0,0,0,0,0,0,0,3,0,0,1,0,1,0,0,0,0,0,2,0
9e25b494002bf95e7e30df418d8c2423f33f4c60.ipynb,1,0,0,0,0,0,0,0,0,0,0,0,0,0,0,0,0,0,0,0,0,0,0,0,0,0,0,0,0,0,0,0,0,7,7
7e3d2d9484d4b96384361efb29cfe93b1c6040bf.ipynb,1,0,0,0,0,0,0,0,0,0,0,0,0,0,0,0,0,0,0,0,0,0,0,0,0,0,0,0,0,0,0,0,0,1,1
defc752334f2fef4201f84f23eac29456a5749fa.ipynb,0.916806307,5,4,0,0,0,0,2,2,0,7,5,1,0,0,0,0,0,0,0,0,0,58,53,0,0,0,0,0,0,0,0,0,11,9
1717286d6b59f4a3b2f2b0e6bf65b0a2d2c689a4.ipynb,1,0,0,0,0,0,0,0,0,0,0,0,0,0,0,0,2,2,0,0,0,0,0,0,0,0,0,0,0,0,0,0,0,1,1
b17dcc5096c9dd8d31178a0f5b03f1de92da5a5a.ipynb,1,1,1,0,0,0,0,0,0,0,1,1,0,0,0,0,0,0,0,0,0,0,1,1,0,4,4,0,2,2,0,0,0,3,3
8cca42209edf73c9740eb049dee0c0b942dca295.ipynb,0.988627451,0,0,0,0,0,0,0,0,0,0,0,0,0,0,0,1,1,0,0,0,0,0,0,0,0,0,0,0,0,0,0,0,15,14
cfa703d731d3aea27a1c5eab64f4675ec15a82be.ipynb,0.406666667,1,1,0,0,0,0,0,0,0,0,0,0,0,0,0,0,0,0,0,0,0,0,0,0,2,0,2,2,0,2,0,0,0,0
